Municipality,Sector,Outage Reported,Estimated Time of Restoration,Estimated Customers Impacted,Category,Current Status
MARICAO,"SECT. LAS ABEJAS, SECT. LAS PIEDRAS, SECT. SANTONES",November 18 07:05',November 18 13:00',<500,Unplanned,"LUMA has successfully completed repairs and restored power to the area. If you have any questions, please contact us at 1-844-888-5862 (LUMA). "
ADJUNTAS,"CEM. CEMENTERIO ADJUNTAS, COMU. GUILARTE, EDU. ESCUELA FRANCISCO PIETRI MARIANI, SECT. CERRO NOVILLO, SECT. CUESTA LOS HERNANDEZ, SECT. CUESTA MALDONADO, SECT. EL MAJAGUAL, SECT. EL VALLE, SECT. HELECHALES, SECT. LA LLOROSA, SECT. LAS CASITAS, SECT. PARCE",November 18 06:55',November 18 12:00',1001-1500,Unplanned,"LUMA has successfully completed repairs and restored power to the area. If you have any questions, please contact us at 1-844-888-5862 (LUMA). "
,TRAMO > LLORENS > VILLAMAR,October 28 12:25',November 21 23:00',<500,Unplanned,Our power restoration team is onsite conducting critical repairs to restore power the area as quickly and safely as possible.
,"    TRAMO DE ACACIA A CABO ROJO. COM. TELEFONICAS DE PUERTO RICO, EDU. COLEGIO SAN AGUSTIN, SECT. CALLEJON SANTO DOMINGO, SECT. CAMINO MARCIAL, SECT. CASCO URBANO, SECT. CERRO BUENA VISTA, SECT. COMUNIDAD MARGARITA, SECT. COMUNIDAD MONTE GRANDE, SECT. EL COQUI, SECT. LA PEPILLA, SECT. LA SIERRA, SECT. LAS QUEBRADAS, SECT. LOS CHORROS, SECT. MONTE GRANDE, SECT. PARCELAS LA 35, SECT. REPARTO DE JESUS, SECT. VEGA ALEGRE, URB. ANA MARIA, URB. COLINAS DE BALLAJA, URB. ESTANCIAS DE MONTE GRANDE, URB. ESTANCIAS DE MONTE GRANDE ESTATES, URB. ESTANCIAS DE NITO MARTY, URB. EXTENSION CARBONELL, URB. EXTENSION VICTOR RIVERA, URB. HERSON MORALES, URB. LA HACIENDA, URB. MARGARITA, URB. MONTE CLARO 1, URB. MONTE CLARO 2, URB. MONTE GRANDE, URB. MONTE GRANDE ESTATES, URB. PAGAN, URB. RAMOS, URB. REMANSO DE CABO ROJO, URB. REPARTO AIMEE, URB. RIVERA, URB. VILLA LUISA, URB. VILLA MARCIAL, SECT. CAMINO LOS MERCADO, SECT. CAMINO OLIVERAS, SECT. LAS DELICIAS, URB. BORINQUEN, URB. VILLA ITALIA 2, CMPD. COMPLEJO DEPORTIVO REBEKAH COLBERG, COND. SAN FRANCISCO VILLAGE, EDU. ESCUELA ELEMENTAL PEDRO FIDEL COLBERG, HOSP. HOSPITAL METRPOLITANO PSIQUIATRICO DE CABO ROJO, SECT. BALLAJA, SECT. CALLE MUnOZ RIVERA, SECT. CAMINO DIAZ, SECT. CAMPITO, SECT. CASCO URBANO, SECT. LA 15, SECT. LA PLANADA, URB. EXTENSION LA CONCEPCION, URB. LA CONCEPCION, URB. MARGARITA, URB. MARTY, URB. PASEO DEL DUQUE, URB. RAMIREZ, URB. SANTA MARIA, URB. SOLARES TORITO, URB. VILLAS DEL CAMPITO",November 18 11:00',November 18 17:00',4001-4500,Unplanned,Our local power restoration team is being dispatched to the area as soon as possible. 
LARES,EDU. ESCUELA MANUAL ROJAS LUZARDO,November 18 10:40',November 18 16:00',501-1000,Unplanned,Our local power restoration team is being dispatched to the area as soon as possible. 
BAYAMON,URB. INDUSTRIAL MINILLAS,November 18 10:35',November 18 16:00',<500,Unplanned,Our power restoration team is onsite conducting critical repairs to restore power the area as quickly and safely as possible. 
ADJUNTAS,"CMPD. COMPLEJO RECREATIVO GUARIONEX POLIDEPORTIVO, COM. SUPERMERCADO SELECTOS, SECT. ACUEDUCTO, SECT. COLISEO, SECT. COMUNIDAD YAYALES, SECT. LOS CALABOZOS",November 18 10:00',November 18 16:00',501-1000,Unplanned,Our power restoration team is onsite conducting critical repairs to restore power the area as quickly and safely as possible.
GUAYNABO,"CMPD. PARQUE DE RECREO PALMA REAL, CMPD. PARQUE RECREO, COME. JARDINES REALES SHOPPING CENTER, COM. PLAZOLETA LAS CUMBRES, COND. ALTOS REALES, COND. BALCONES DE GUAYNABO, COND. CHALETS DEL PARQUE, COND. MONTE MAYOR, COND. MURANO LUXURY APARTMENTS, COND. P",November 18 09:30',November 18 20:00',2501-3000,Scheduled Maintenance,Our power restoration team is onsite conducting critical repairs to restore power the area as quickly and safely as possible. 
GUAYNABO,"BDA. CRUZ MELENDEZ, COND. GRANADA PARK, COND. PORTALES DE ALHELÃ, RES. RESIDENCIAL MARTINEZ NADAL, RES. RESIDENCIAL ROSALEDA, SECT. EL ULTIMO CHANCE, SECT. PEnAGARICANO, URB. EL JARDIN, URB. EXTENSION PARKVILLE TOWN HOUSE, URB. HIGHLAND GARDENS, URB. LOS ",November 18 09:30',November 18 20:00',3001-3500,Scheduled Maintenance,Our power restoration team is onsite conducting critical repairs to restore power the area as quickly and safely as possible. 
GUAYNABO,"CMPA. COLISEO MARIO MORALES, COM. GASOLINERA TOTAL EXCELLIUM, COM. SEARS ROEBUCK DE PUERTO RICO, COND. ALAMANDA, COND. BALCONES DE SAN PEDRO, COND. GRAND VIEW, COND. PARQUE DE TERRANOVA, COND. PORTAL DE SOFIA, EDIF. DESING PLAZA CORPORATION, EDIF. ESCOBAL",November 18 09:26',November 18 20:00',4501-5000,Scheduled Maintenance,Our power restoration team is onsite conducting critical repairs to restore power the area as quickly and safely as possible. 
SAN JUAN,"ARE. AREA RECREATIVA DE SAN JOSE, COMU. SIERRA MAESTRA, COND. LOS GIRASOLES, EDU. ESCUELA ELEMENTAL SANTIAGO IGLESIAS PANTIN, EDU. ESCUELA INTERMEDIA DR. JOSE N. GANDARA, ONG. HOGAR CREA SAN JOSE, SECT. VILLA CLEMENTE, URB. EMBALSE SAN JOSE, URB. SAN JOSE",November 18 08:30',November 18 18:00',1501-2000,Scheduled Maintenance,Our power restoration team is onsite conducting critical repairs to restore power the area as quickly and safely as possible. 
MAYAGUEZ,URB. REPARTO MACIAS,November 18 06:41',November 18 16:00',<500,Unplanned,Our local power restoration team is being dispatched to the area as soon as possible. 
,TRAMO > ENTRE LOS ACB'S 7911A - 7925B. ,November 16 20:20',November 18 22:00',<500,Unplanned,Our power restoration team is onsite conducting critical repairs to restore power the area as quickly and safely as possible.